pet	gene_A	gene_B	gene_C
Ann	91.0979218583165	64.62165532500156	124.46076249552995
Bob	88.81114639574936	78.24939734541657	113.66441520156923
Charlie	107.5293271840726	70.52984214492707	124.59511812267561
