pet	prot_A	prot_B	prot_C
Ann	10.342231446526638	12.300807380910086	13.88514385212239
Bob	13.710245104431165	11.2767085049602	12.937158804205918
Charlie	11.726459316445	13.236928199888785	13.961672637878413
