pet	gene_A	gene_B	gene_C
Ann	108.67919368707136	90.38629770582266	137.5394622634537
Bob	113.44700288791064	101.52724867384956	144.77630217931332
Charlie	98.12046991081468	97.70862733500675	131.19642566956716
