pet	prot_A	prot_B	prot_C
Ann	10.22383171985938	12.977886240068978	11.604024582683333
Bob	9.435222307550115	10.560058075106795	11.969922626832258
Charlie	10.454560357017034	10.922043148976824	13.603793303322085
