pet	gene_A	gene_B	gene_C
David	201.85794026671124	215.8381760941789	243.68047664845318
Ed	191.37273280715925	192.08343714054755	249.14653878294487
Fiona	237.29832687450934	250.15949221125643	240.27751384245147
