pet	prot_A	prot_B	prot_C
David	24.244934416389746	18.29078721687857	19.35050677148152
Ed	17.103784058839747	18.498624193947098	22.60180085107659
Fiona	21.638008859647464	16.380659098783244	17.84099167405149
