pet	gene_A	gene_B	gene_C
David	187.17728050646673	159.23683462443398	222.78336909002348
Ed	174.57244336695535	181.80037478761332	229.96667337822183
Fiona	207.97981225090206	187.68302317675844	190.30919933697334
