pet	prot_A	prot_B	prot_C
David	20.3080824623711	16.13970038822109	22.485156433143217
Ed	21.55763049286437	22.52021047792726	21.980941194375877
Fiona	24.055319915412344	16.00713254543907	19.894685680330277
